player_id,player_name,team_2526,mp_2526,mpg_2526
derozde01,DeMar DeRozan,SAC,2406.0,31.25
brownbr01,Bruce Brown,DEN,1998.0,24.37
durenja01,Jalen Duren,DET,1976.0,28.23
hachiru01,Rui Hachimura,LAL,1927.0,28.34
westbru01,Russell Westbrook,SAC,1853.0,28.95
schrode01,Dennis Schröder,2TM,1697.0,24.24
grantje01,Jerami Grant,POR,1695.0,29.74
mathube01,Bennedict Mathurin,2TM,1620.0,30.0
batumni01,Nicolas Batum,LAC,1295.0,17.5
konchjo01,John Konchar,2TM,1115.0,19.91
yabusgu01,Guerschon Yabusele,2TM,1007.0,15.03
agbajoc01,Ochai Agbaji,2TM,973.0,15.69
gillan01,Anthony Gill,WAS,951.0,17.29
peavymi01,Micah Peavy,NOP,913.0,14.97
poweldw01,Dwight Powell,DAL,904.0,14.35
thomaca02,Cam Thomas,2TM,881.0,20.98
vincega01,Gabe Vincent,2TM,879.0,16.58
valanjo01,Jonas Valančiūnas,DEN,871.0,13.4
willivi01,Vince Williams Jr.,2TM,820.0,20.5
pickeja02,Jalen Pickett,DEN,807.0,16.14
holidaa01,Aaron Holiday,HOU,781.0,13.7
martity01,Tyrese Martin,2TM,777.0,16.89
balllo01,Lonzo Ball,CLE,728.0,20.8
willigr01,Grant Williams,CHO,711.0,19.75
coopesh01,Sharife Cooper,WAS,700.0,17.07
hawkijo01,Jordan Hawkins,NOP,692.0,13.57
iveyja01,Jaden Ivey,2TM,670.0,18.11
thompet01,Ethan Thompson,IND,653.0,20.41
loveke01,Kevin Love,UTA,613.0,16.57
eubandr01,Drew Eubanks,SAC,552.0,13.14
harklej01,Elijah Harkless,UTA,545.0,20.96
wallake01,Keaton Wallace,ATL,536.0,10.11
cissemo01,Moussa Cisse,DAL,530.0,13.95
anthoco01,Cole Anthony,MIL,527.0,15.06
russeda01,D'Angelo Russell,DAL,495.0,19.04
peterta01,Taelon Peter,IND,492.0,12.95
mbengbe01,Bez Mbeng,UTA,492.0,32.8
coffeam01,Amir Coffey,2TM,490.0,10.65
klebima01,Maxi Kleber,LAL,461.0,10.72
johnsaj01,AJ Johnson,2TM,454.0,9.46
bradlto01,Tony Bradley,2TM,450.0,10.98
mcderdo01,Doug McDermott,SAC,439.0,15.14
blackle01,Leaky Black,WAS,433.0,28.87
hayeski01,Killian Hayes,SAC,406.0,17.65
reeseju01,Julian Reese,WAS,402.0,30.92
etienty01,Tyson Etienne,BRK,380.0,15.83
smithni01,Nick Smith Jr.,LAL,375.0,12.5
payneca01,Cameron Payne,PHI,374.0,17.0
robinje02,Jeremiah Robinson-Earl,2TM,361.0,16.41
weslebl01,Blake Wesley,POR,361.0,11.65
olynyke01,Kelly Olynyk,SAS,360.0,8.57
chandke01,Kennedy Chandler,UTA,355.0,32.27
whitmca01,Cam Whitmore,WAS,354.0,16.86
liddeej01,E.J. Liddell,BRK,349.0,13.42
liveris01,Isaiah Livers,PHO,347.0,9.64
olbrila01,Lachlan Olbrich,CHI,344.0,9.3
burtoty01,Tyler Burton,MEM,307.0,25.58
yangha01,Yang Hansen,POR,300.0,6.98
strusma01,Max Strus,CLE,288.0,24.0
waterli01,Lindy Waters III,SAS,285.0,7.12
branhma01,Malaki Branham,WAS,275.0,9.82
laniech01,Chaz Lanier,DET,262.0,7.71
reathdu01,Duop Reath,POR,258.0,8.06
balad01,Adama-Alpha Bal,MEM,241.0,30.12
willije02,Nate Williams,GSW,239.0,17.07
timmedr01,Drew Timme,LAL,235.0,8.7
jarrede01,DeJon Jarreau,MEM,231.0,21.0
paulch01,Chris Paul,LAC,228.0,14.25
lawsoaj01,A.J. Lawson,TOR,226.0,9.42
willilu01,Lucas Williamson,MEM,224.0,32.0
davisjd01,JD Davison,HOU,218.0,7.79
okanito01,Toby Okani,MEM,217.0,36.17
kawamyu01,Yuki Kawamura,CHI,209.0,11.61
mathega01,Garrison Mathews,IND,196.0,13.07
beaucma01,MarJon Beauchamp,PHI,196.0,14.0
hayesni01,Nigel Hayes-Davis,PHO,195.0,7.22
whiteda01,Dariq Whitehead,MEM,183.0,30.5
tillmxa01,Xavier Tillman Sr.,2TM,183.0,6.1
scotttr01,Tre Scott,BRK,182.0,30.33
greenje02,Jeff Green,HOU,175.0,5.83
plumlma01,Mason Plumlee,2TM,172.0,8.6
garcian01,Andersson Garcia,UTA,169.0,33.8
smithty02,Tyler Smith,DAL,166.0,13.83
tysonhu01,Hunter Tyson,DEN,162.0,7.71
mcculke01,Kevin McCullar Jr.,NYK,155.0,7.38
inglejo01,Joe Ingles,MIN,153.0,5.67
antetth01,Thanasis Antetokounmpo,MIL,148.0,4.35
biyombi01,Bismack Biyombo,SAS,141.0,5.64
mccluma01,Mac McClung,2TM,135.0,12.27
kellymi02,Miles Kelly,DAL,134.0,9.57
curryse01,Seth Curry,GSW,133.0,13.3
lowryky01,Kyle Lowry,PHI,118.0,8.43
yurtsom01,Omer Yurtseven,GSW,104.0,11.56
travelu01,Luke Travers,CLE,103.0,8.58
baldwpa01,Patrick Baldwin Jr.,3TM,102.0,11.33
willial06,Alondes Williams,WAS,101.0,25.25
cookeja01,Javonte Cooke,POR,94.0,4.95
bouchch01,Chris Boucher,BOS,94.0,10.44
washity02,TyTy Washington Jr.,LAC,88.0,5.5
juzanjo01,Johnny Juzang,MIN,88.0,4.19
jonescu01,Curtis Jones,DEN,88.0,8.8
odurojo01,Josh Oduro,NOP,82.0,27.33
houstca01,Caleb Houstan,ATL,75.0,4.17
gordoer01,Eric Gordon,PHI,74.0,12.33
roddyda01,David Roddy,DEN,73.0,14.6
templga01,Garrett Temple,TOR,73.0,3.32
klintbo01,Bobi Klintman,DET,71.0,5.92
reevean01,Antonio Reeves,CHO,68.0,6.8
richmka01,Kadary Richmond,WAS,67.0,22.33
morrimo01,Monte Morris,IND,65.0,10.83
peterdr01,Drew Peterson,CHO,64.0,10.67
sandfpa01,Payton Sandfort,OKC,63.0,15.75
bantoda01,Dalano Banton,2TM,62.0,10.33
moorewe01,Wendell Moore Jr.,DET,60.0,10.0
jeffrda01,DaQuan Jeffries,SAC,60.0,20.0
youngja05,Jahmir Young,MIA,58.0,4.14
wisemja01,James Wiseman,IND,58.0,14.5
martico01,Cody Martin,IND,55.0,13.75
loverla01,Lawson Lovering,MEM,49.0,24.5
gueyemo01,Mouhamadou Gueye,CHI,45.0,22.5
steveis01,Isaiah Stevens,SAC,43.0,14.33
dickihu01,Hunter Dickinson,NOP,42.0,8.4
saricda01,Dario Šarić,SAC,41.0,8.2
sarrol01,Olivier Sarr,CLE,39.0,9.75
jonesdi01,Dillon Jones,NYK,39.0,5.57
labissk01,Skal Labissière,WAS,38.0,12.67
jonesis01,Isaac Jones,2TM,36.0,5.14
fultzma01,Markelle Fultz,TOR,36.0,7.2
shulgma01,Max Shulga,BOS,36.0,3.27
milleem01,Emanuel Miller,CHI,33.0,6.6
telfoja01,Jahmyl Telfort,LAC,32.0,4.0
searsma01,Mark Sears,MIL,26.0,3.71
sallihu01,Hunter Sallis,PHI,26.0,3.71
robinor01,Orlando Robinson,ORL,25.0,6.25
grayha01,Hayden Gray,UTA,25.0,25.0
omierno01,Norchad Omier,LAC,24.0,4.0
antetal01,Alex Antetokounmpo,MIL,21.0,3.5
clarkbr01,Brandon Clarke,MEM,20.0,10.0
toppija01,Jacob Toppin,ATL,17.0,3.4
livinch01,Chris Livingston,CLE,17.0,5.67
keelstr01,Trevor Keels,MIA,15.0,1.88
nfalyda01,N'Faly Dante,ATL,15.0,3.75
boehebu01,Buddy Boeheim,OKC,15.0,3.75
newtotr01,Tristen Newton,HOU,12.0,12.0
evbuoto01,Tosan Evbuomwan,NYK,8.0,1.6
umudest01,Stanley Umude,SAS,7.0,3.5
jonesco02,Colby Jones,DET,7.0,7.0
flowetr01,Trentyn Flowers,CHI,6.0,3.0
brownda04,Darius Brown II,CLE,3.0,3.0
